{
  "parent": "item/generated",
  "textures": {
    "layer0": "item/tipped_arrow_head",
    "layer1": "item/tipped_arrow_base"
  },

  "overrides": [
    {"predicate": { "custom_model_data": 18001}, "model": "item/arrow/normal"},
    {"predicate": { "custom_model_data": 18002}, "model": "item/arrow/blink"},
    {"predicate": { "custom_model_data": 18003}, "model": "item/arrow/bomb"},
    {"predicate": { "custom_model_data": 18004}, "model": "item/arrow/fire"},
    {"predicate": { "custom_model_data": 18005}, "model": "item/arrow/grapple"},
    {"predicate": { "custom_model_data": 18006}, "model": "item/arrow/ice"},
    {"predicate": { "custom_model_data": 18007}, "model": "item/arrow/light"},
    {"predicate": { "custom_model_data": 18008}, "model": "item/arrow/poison"},
    {"predicate": { "custom_model_data": 18009}, "model": "item/arrow/shock"},

    {"predicate": { "custom_model_data": 18010}, "model": "item/spells/arrow2"},
    {"predicate": { "custom_model_data": 18011}, "model": "item/spells_disabled/arrow2"},
    {"predicate": { "custom_model_data": 18012}, "model": "item/spells/arrow3"},
    {"predicate": { "custom_model_data": 18013}, "model": "item/spells_disabled/arrow3"},
    {"predicate": { "custom_model_data": 18014}, "model": "item/spells/arrow4"},
    {"predicate": { "custom_model_data": 18015}, "model": "item/spells_disabled/arrow4"},
    {"predicate": { "custom_model_data": 18016}, "model": "item/spells/arrow5"},
    {"predicate": { "custom_model_data": 18017}, "model": "item/spells_disabled/arrow5"},
    {"predicate": { "custom_model_data": 18018}, "model": "item/spells/arrow6"},
    {"predicate": { "custom_model_data": 18019}, "model": "item/spells_disabled/arrow6"},
    {"predicate": { "custom_model_data": 18020}, "model": "item/spells/arrow7"},
    {"predicate": { "custom_model_data": 18021}, "model": "item/spells_disabled/arrow7"},
    {"predicate": { "custom_model_data": 18022}, "model": "item/spells/arrow8"},
    {"predicate": { "custom_model_data": 18023}, "model": "item/spells_disabled/arrow8"},
    {"predicate": { "custom_model_data": 18024}, "model": "item/spells/arrow9"},
    {"predicate": { "custom_model_data": 18025}, "model": "item/spells_disabled/arrow9"},
    {"predicate": { "custom_model_data": 18026}, "model": "item/spells/arrow10"},
    {"predicate": { "custom_model_data": 18027}, "model": "item/spells_disabled/arrow10"},
    {"predicate": { "custom_model_data": 18028}, "model": "item/spells/arrowrain"},
    {"predicate": { "custom_model_data": 18029}, "model": "item/spells_disabled/arrowrain"}
  ]
}
