{
	"credit": "By BrettSaunders for the Craftory Plugin",
	"parent": "block/base/block_real",
	"textures": {
		"particle": "craftory:block/powered/generic/casing/outter_casing",
		"texture": "craftory:block/powered/generic/casing/outter_casing",
		"texture2": "craftory:block/powered/generic/containment"
	},
	"elements": [
		{
			"name": "Cube",
			"from": [0, 0, 14],
			"to": [16, 2, 16],
			"faces": {
				"north": {"uv": [0, 14, 16, 16], "texture": "#texture"},
				"east": {"uv": [0, 14, 2, 16], "texture": "#texture", "cullface": "east"},
				"south": {"uv": [0, 14, 16, 16], "texture": "#texture", "cullface": "south"},
				"west": {"uv": [14, 14, 16, 16], "texture": "#texture", "cullface": "west"},
				"up": {"uv": [0, 14, 16, 16], "texture": "#texture"},
				"down": {"uv": [0, 14, 16, 16], "rotation": 180, "texture": "#texture", "cullface": "down"}
			}
		},
		{
			"name": "Cube",
			"from": [0, 0, 0],
			"to": [16, 2, 2],
			"faces": {
				"north": {"uv": [0, 14, 16, 16], "texture": "#texture", "cullface": "north"},
				"east": {"uv": [14, 14, 16, 16], "texture": "#texture", "cullface": "east"},
				"south": {"uv": [0, 14, 16, 16], "texture": "#texture"},
				"west": {"uv": [0, 14, 2, 16], "texture": "#texture", "cullface": "west"},
				"up": {"uv": [0, 0, 16, 2], "texture": "#texture"},
				"down": {"uv": [0, 0, 16, 2], "rotation": 180, "texture": "#texture", "cullface": "down"}
			}
		},
		{
			"name": "Cube",
			"from": [0, 0, 2],
			"to": [2, 2, 14],
			"faces": {
				"east": {"uv": [2, 14, 14, 16], "texture": "#texture"},
				"west": {"uv": [2, 14, 14, 16], "texture": "#texture", "cullface": "west"},
				"up": {"uv": [0, 2, 2, 14], "texture": "#texture"},
				"down": {"uv": [14, 2, 16, 14], "texture": "#texture", "cullface": "down"}
			}
		},
		{
			"name": "Cube",
			"from": [14, 0, 2],
			"to": [16, 2, 14],
			"faces": {
				"east": {"uv": [2, 14, 14, 16], "texture": "#texture", "cullface": "east"},
				"west": {"uv": [2, 14, 14, 16], "texture": "#texture"},
				"up": {"uv": [14, 2, 16, 14], "texture": "#texture"},
				"down": {"uv": [0, 2, 2, 14], "texture": "#texture", "cullface": "down"}
			}
		},
		{
			"name": "Cube",
			"from": [14, 2, 14],
			"to": [16, 14, 16],
			"faces": {
				"north": {"uv": [0, 2, 2, 14], "texture": "#texture"},
				"east": {"uv": [0, 2, 2, 14], "texture": "#texture", "cullface": "east"},
				"south": {"uv": [14, 2, 16, 14], "texture": "#texture", "cullface": "south"},
				"west": {"uv": [14, 2, 16, 14], "texture": "#texture"}
			}
		},
		{
			"name": "Cube",
			"from": [14, 2, 0],
			"to": [16, 14, 2],
			"faces": {
				"north": {"uv": [0, 2, 2, 14], "texture": "#texture", "cullface": "north"},
				"east": {"uv": [14, 2, 16, 14], "texture": "#texture", "cullface": "east"},
				"south": {"uv": [14, 2, 16, 14], "texture": "#texture"},
				"west": {"uv": [0, 2, 2, 14], "texture": "#texture"}
			}
		},
		{
			"name": "Cube",
			"from": [0, 2, 0],
			"to": [2, 14, 2],
			"faces": {
				"north": {"uv": [14, 2, 16, 14], "texture": "#texture", "cullface": "north"},
				"east": {"uv": [14, 2, 16, 14], "texture": "#texture"},
				"south": {"uv": [0, 2, 2, 14], "texture": "#texture"},
				"west": {"uv": [0, 2, 2, 14], "texture": "#texture", "cullface": "west"}
			}
		},
		{
			"name": "Cube",
			"from": [0, 2, 14],
			"to": [2, 14, 16],
			"faces": {
				"north": {"uv": [14, 2, 16, 14], "texture": "#texture"},
				"east": {"uv": [0, 2, 2, 14], "texture": "#texture"},
				"south": {"uv": [0, 2, 2, 14], "texture": "#texture", "cullface": "south"},
				"west": {"uv": [14, 2, 16, 14], "texture": "#texture", "cullface": "west"}
			}
		},
		{
			"name": "Cube",
			"from": [4, 4, 4],
			"to": [12, 12, 12],
			"faces": {
				"north": {"uv": [4, 4, 12, 12], "texture": "#texture"},
				"east": {"uv": [4, 4, 12, 12], "texture": "#texture"},
				"south": {"uv": [4, 4, 12, 12], "texture": "#texture"},
				"west": {"uv": [4, 4, 12, 12], "texture": "#texture"},
				"up": {"uv": [4, 4, 12, 12], "texture": "#texture"},
				"down": {"uv": [4, 4, 12, 12], "texture": "#texture"}
			}
		},
		{
			"name": "Cube",
			"from": [0, 14, 2],
			"to": [2, 16, 14],
			"faces": {
				"east": {"uv": [2, 0, 14, 2], "texture": "#texture"},
				"west": {"uv": [2, 0, 14, 2], "texture": "#texture", "cullface": "west"},
				"up": {"uv": [0, 2, 2, 14], "texture": "#texture", "cullface": "up"},
				"down": {"uv": [14, 2, 16, 14], "texture": "#texture"}
			}
		},
		{
			"name": "Cube",
			"from": [14, 14, 2],
			"to": [16, 16, 14],
			"faces": {
				"east": {"uv": [2, 0, 14, 2], "texture": "#texture", "cullface": "east"},
				"west": {"uv": [2, 0, 14, 2], "texture": "#texture"},
				"up": {"uv": [14, 2, 16, 14], "texture": "#texture", "cullface": "up"},
				"down": {"uv": [0, 2, 2, 14], "texture": "#texture"}
			}
		},
		{
			"name": "Cube",
			"from": [0, 14, 0],
			"to": [16, 16, 2],
			"faces": {
				"north": {"uv": [0, 0, 16, 2], "texture": "#texture", "cullface": "north"},
				"east": {"uv": [14, 0, 16, 2], "texture": "#texture", "cullface": "east"},
				"south": {"uv": [0, 0, 16, 2], "texture": "#texture"},
				"west": {"uv": [0, 0, 2, 2], "texture": "#texture", "cullface": "west"},
				"up": {"uv": [0, 0, 16, 2], "texture": "#texture", "cullface": "up"},
				"down": {"uv": [0, 0, 16, 2], "texture": "#texture"}
			}
		},
		{
			"name": "Cube",
			"from": [0, 14, 14],
			"to": [16, 16, 16],
			"faces": {
				"north": {"uv": [0, 0, 16, 2], "texture": "#texture"},
				"east": {"uv": [0, 0, 2, 2], "texture": "#texture", "cullface": "east"},
				"south": {"uv": [0, 0, 16, 2], "texture": "#texture", "cullface": "south"},
				"west": {"uv": [14, 0, 16, 2], "texture": "#texture", "cullface": "west"},
				"up": {"uv": [0, 14, 16, 16], "texture": "#texture", "cullface": "up"},
				"down": {"uv": [0, 14, 16, 16], "texture": "#texture"}
			}
		},
		{
			"name": "PlaneY",
			"from": [2, 1, 2],
			"to": [14, 2, 14],
			"faces": {
				"up": {"uv": [2, 2, 14, 14], "texture": "#texture2"}
			}
		},
		{
			"name": "PlaneY",
			"from": [2, 14, 2],
			"to": [14, 15, 14],
			"faces": {
				"down": {"uv": [2, 2, 14, 14], "texture": "#texture2"}
			}
		},
		{
			"name": "PlaneX",
			"from": [14, 2, 2],
			"to": [15, 14, 14],
			"faces": {
				"west": {"uv": [2, 2, 14, 14], "texture": "#texture2"}
			}
		},
		{
			"name": "PlaneX",
			"from": [1, 2, 2],
			"to": [2, 14, 14],
			"faces": {
				"east": {"uv": [2, 2, 14, 14], "texture": "#texture2"}
			}
		},
		{
			"name": "PlaneZ",
			"from": [2, 2, 14],
			"to": [14, 14, 15],
			"faces": {
				"north": {"uv": [2, 2, 14, 14], "texture": "#texture2"}
			}
		},
		{
			"name": "PlaneZ",
			"from": [2, 2, 1],
			"to": [14, 14, 2],
			"faces": {
				"south": {"uv": [2, 2, 14, 14], "texture": "#texture2"}
			}
		},
		{
			"name": "Cube",
			"from": [14.5, 14, 0.5],
			"to": [15.5, 16, 19.5],
			"rotation": {"angle": 45, "axis": "x", "origin": [14.5, 14, 0.5]},
			"faces": {
				"east": {"uv": [3, 14, 12.5, 16], "texture": "#texture"},
				"up": {"uv": [0, 0, 0.5, 0.5], "texture": "#texture"},
				"down": {"uv": [0, 0, 0.5, 0.5], "texture": "#texture"}
			}
		},
		{
			"name": "Cube",
			"from": [14.5, 0.5, 2],
			"to": [15.5, 2.5, 21],
			"rotation": {"angle": -45, "axis": "x", "origin": [14.5, 0.5, 2]},
			"faces": {
				"east": {"uv": [3, 14, 12.5, 16], "texture": "#texture"},
				"up": {"uv": [0, 0, 0.5, 0.5], "texture": "#texture"},
				"down": {"uv": [0, 0, 0.5, 0.5], "texture": "#texture"}
			}
		},
		{
			"name": "Cube",
			"from": [0.5, 14, 0.5],
			"to": [1.5, 16, 19.5],
			"rotation": {"angle": 45, "axis": "x", "origin": [0.5, 14, 0.5]},
			"faces": {
				"west": {"uv": [3, 14, 12.5, 16], "texture": "#texture"},
				"up": {"uv": [0, 0, 0.5, 0.5], "texture": "#texture"},
				"down": {"uv": [0, 0, 0.5, 0.5], "texture": "#texture"}
			}
		},
		{
			"name": "Cube",
			"from": [0.5, 0.5, 2],
			"to": [1.5, 2.5, 21],
			"rotation": {"angle": -45, "axis": "x", "origin": [0.5, 0.5, 2]},
			"faces": {
				"west": {"uv": [3, 14, 12.5, 16], "texture": "#texture"},
				"up": {"uv": [0, 0, 0.5, 0.5], "texture": "#texture"},
				"down": {"uv": [0, 0, 0.5, 0.5], "texture": "#texture"}
			}
		},
		{
			"name": "Cube",
			"from": [0.5, 0.5, 14],
			"to": [20, 1.5, 16],
			"rotation": {"angle": 45, "axis": "y", "origin": [0.5, 0.5, 14]},
			"faces": {
				"north": {"uv": [0, 15, 16, 16], "texture": "#texture"},
				"south": {"uv": [0, 15, 16, 16], "texture": "#texture"},
				"down": {"uv": [3, 14, 13, 16], "texture": "#texture"}
			}
		},
		{
			"name": "Cube",
			"from": [2, 0.5, 0.5],
			"to": [21.5, 1.5, 2.5],
			"rotation": {"angle": -45, "axis": "y", "origin": [2, 0.5, 0.5]},
			"faces": {
				"north": {"uv": [0, 0, 0.5, 0.5], "texture": "#texture"},
				"south": {"uv": [0, 0, 0.5, 0.5], "texture": "#texture"},
				"down": {"uv": [3, 14, 13, 16], "texture": "#texture"}
			}
		},
		{
			"name": "Cube",
			"from": [2, 14.5, 0.5],
			"to": [21.5, 15.5, 2.5],
			"rotation": {"angle": -45, "axis": "y", "origin": [2, 14.5, 0.5]},
			"faces": {
				"north": {"uv": [0, 0, 0.5, 0.5], "texture": "#texture"},
				"south": {"uv": [0, 0, 0.5, 0.5], "texture": "#texture"},
				"up": {"uv": [3, 14, 13, 16], "texture": "#texture"}
			}
		},
		{
			"name": "Cube",
			"from": [0.5, 14.5, 14],
			"to": [20, 15.5, 16],
			"rotation": {"angle": 45, "axis": "y", "origin": [0.5, 14.5, 14]},
			"faces": {
				"north": {"uv": [0, 0, 0.5, 0.5], "texture": "#texture"},
				"south": {"uv": [0, 0, 0.5, 0.5], "texture": "#texture"},
				"up": {"uv": [4, 14, 11.5, 16], "texture": "#texture"}
			}
		},
		{
			"name": "Cube",
			"from": [0.5, 14, 14.5],
			"to": [19.5, 16, 15.5],
			"rotation": {"angle": -45, "axis": "z", "origin": [0.5, 14, 14.5]},
			"faces": {
				"south": {"uv": [2.5, 14, 13, 16], "texture": "#texture"},
				"up": {"uv": [0, 0, 0.5, 0.5], "texture": "#texture"},
				"down": {"uv": [0, 0, 0.5, 0.5], "texture": "#texture"}
			}
		},
		{
			"name": "Cube",
			"from": [2, 0.5, 14.5],
			"to": [21, 2.5, 15.5],
			"rotation": {"angle": 45, "axis": "z", "origin": [2, 0.5, 14.5]},
			"faces": {
				"south": {"uv": [2.5, 14, 13, 16], "texture": "#texture"},
				"up": {"uv": [0, 0, 0.5, 0.5], "texture": "#texture"},
				"down": {"uv": [0, 0, 0.5, 0.5], "texture": "#texture"}
			}
		},
		{
			"name": "Cube",
			"from": [2, 0.5, 0.5],
			"to": [21, 2.5, 1.5],
			"rotation": {"angle": 45, "axis": "z", "origin": [2, 0.5, 0.5]},
			"faces": {
				"north": {"uv": [2.5, 14, 13, 16], "texture": "#texture"},
				"up": {"uv": [0, 0, 0.5, 0.5], "texture": "#texture"},
				"down": {"uv": [0, 0, 0.5, 0.5], "texture": "#texture"}
			}
		},
		{
			"name": "Cube",
			"from": [0.5, 14, 0.5],
			"to": [19.5, 16, 1.5],
			"rotation": {"angle": -45, "axis": "z", "origin": [0.5, 14, 0.5]},
			"faces": {
				"north": {"uv": [2.5, 14, 13, 16], "texture": "#texture"},
				"up": {"uv": [0, 0, 0.5, 0.5], "texture": "#texture"},
				"down": {"uv": [0, 0, 0.5, 0.5], "texture": "#texture"}
			}
		},
		{
			"from": [1, -0.375, 10.625],
			"to": [15, 1.625, 12.625],
			"rotation": {"angle": 45, "axis": "x", "origin": [7.5625, 8.625, 18.625]},
			"faces": {
				"north": {"uv": [0, 0, 16, 2], "texture": "#texture"},
				"east": {"uv": [2, 2, 4, 4], "texture": "#texture"},
				"south": {"uv": [0, 14, 16, 16], "texture": "#texture"},
				"west": {"uv": [2, 2, 4, 4], "texture": "#texture"},
				"up": {"uv": [0, 0, 16, 2], "texture": "#texture"},
				"down": {"uv": [0, 0, 16, 2], "texture": "#texture"}
			}
		},
		{
			"from": [-0.6875, 9.5, 1],
			"to": [1.3125, 11.5, 15],
			"rotation": {"angle": 45, "axis": "z", "origin": [7.3125, 18.5, 8.625]},
			"faces": {
				"north": {"uv": [2, 2, 4, 4], "texture": "#texture"},
				"east": {"uv": [0, 0, 16, 2], "texture": "#texture"},
				"south": {"uv": [2, 2, 4, 4], "texture": "#texture"},
				"west": {"uv": [0, 14, 16, 16], "texture": "#texture"},
				"up": {"uv": [0, 14, 16, 16], "rotation": 270, "texture": "#texture"},
				"down": {"uv": [0, 14, 16, 16], "rotation": 90, "texture": "#texture"}
			}
		},
		{
			"from": [-1.6875, 8.5, 0],
			"to": [2.3125, 12.5, 0.5],
			"rotation": {"angle": 45, "axis": "z", "origin": [7.3125, 18.5, 8.625]},
			"faces": {
				"north": {"uv": [4, 4, 12, 12], "texture": "#texture", "cullface": "north"},
				"east": {"uv": [1, 14, 15, 15], "texture": "#texture"},
				"south": {"uv": [4, 4, 12, 12], "texture": "#texture"},
				"west": {"uv": [1, 14, 15, 15], "texture": "#texture"},
				"up": {"uv": [1, 14, 15, 15], "rotation": 270, "texture": "#texture"},
				"down": {"uv": [1, 14, 15, 15], "rotation": 90, "texture": "#texture"}
			}
		},
		{
			"from": [15.4375, 8.5, -1.375],
			"to": [15.9375, 12.5, 2.625],
			"rotation": {"angle": -45, "axis": "x", "origin": [7.3125, 18.5, 7.625]},
			"faces": {
				"north": {"uv": [1, 14, 15, 15], "texture": "#texture"},
				"east": {"uv": [4, 4, 12, 12], "texture": "#texture"},
				"south": {"uv": [1, 14, 15, 15], "texture": "#texture"},
				"west": {"uv": [4, 4, 12, 12], "texture": "#texture"},
				"up": {"uv": [1, 14, 15, 15], "texture": "#texture"},
				"down": {"uv": [1, 14, 15, 15], "texture": "#texture"}
			}
		},
		{
			"from": [3.3125, 15.5, -1.375],
			"to": [7.3125, 16, 2.625],
			"rotation": {"angle": -45, "axis": "y", "origin": [-2.6875, 7.5, 7.625]},
			"faces": {
				"north": {"uv": [1, 14, 15, 15], "rotation": 90, "texture": "#texture"},
				"east": {"uv": [1, 14, 15, 15], "rotation": 270, "texture": "#texture"},
				"south": {"uv": [1, 14, 15, 15], "rotation": 270, "texture": "#texture"},
				"west": {"uv": [1, 14, 15, 15], "rotation": 270, "texture": "#texture"},
				"up": {"uv": [4, 4, 12, 12], "rotation": 270, "texture": "#texture", "cullface": "up"},
				"down": {"uv": [4, 4, 12, 12], "rotation": 270, "texture": "#texture"}
			}
		},
		{
			"from": [3.3125, 0, -1.375],
			"to": [7.3125, 0.5, 2.625],
			"rotation": {"angle": -45, "axis": "y", "origin": [-2.6875, -15.5, 7.625]},
			"faces": {
				"north": {"uv": [1, 14, 15, 15], "rotation": 90, "texture": "#texture"},
				"east": {"uv": [1, 14, 15, 15], "rotation": 270, "texture": "#texture"},
				"south": {"uv": [1, 14, 15, 15], "rotation": 270, "texture": "#texture"},
				"west": {"uv": [1, 14, 15, 15], "rotation": 270, "texture": "#texture"},
				"up": {"uv": [4, 4, 12, 12], "rotation": 270, "texture": "#texture"},
				"down": {"uv": [4, 4, 12, 12], "rotation": 270, "texture": "#texture", "cullface": "down"}
			}
		},
		{
			"from": [0, 8.5, -1.375],
			"to": [0.5, 12.5, 2.625],
			"rotation": {"angle": -45, "axis": "x", "origin": [-8.6875, 18.5, 7.625]},
			"faces": {
				"north": {"uv": [1, 14, 15, 15], "texture": "#texture"},
				"east": {"uv": [4, 4, 12, 12], "texture": "#texture"},
				"south": {"uv": [1, 14, 15, 15], "texture": "#texture"},
				"west": {"uv": [4, 4, 12, 12], "texture": "#texture", "cullface": "west"},
				"up": {"uv": [1, 14, 15, 15], "texture": "#texture"},
				"down": {"uv": [1, 14, 15, 15], "texture": "#texture"}
			}
		},
		{
			"from": [-1.6875, 8.5, 15.5],
			"to": [2.3125, 12.5, 16],
			"rotation": {"angle": 45, "axis": "z", "origin": [7.3125, 18.5, 24.625]},
			"faces": {
				"north": {"uv": [4, 4, 12, 12], "texture": "#texture"},
				"east": {"uv": [1, 14, 15, 15], "texture": "#texture"},
				"south": {"uv": [4, 4, 12, 12], "texture": "#texture", "cullface": "south"},
				"west": {"uv": [1, 14, 15, 15], "texture": "#texture"},
				"up": {"uv": [1, 14, 15, 15], "rotation": 270, "texture": "#texture"},
				"down": {"uv": [1, 14, 15, 15], "rotation": 90, "texture": "#texture"}
			}
		},
		{
			"from": [10.625, 1, 14.25],
			"to": [12.625, 15, 16.25],
			"rotation": {"angle": -45, "axis": "y", "origin": [18.625, 25.5, 7.25]},
			"faces": {
				"north": {"uv": [0, 0, 16, 2], "rotation": 90, "texture": "#texture"},
				"east": {"uv": [0, 14, 16, 16], "rotation": 90, "texture": "#texture"},
				"south": {"uv": [0, 0, 16, 2], "rotation": 90, "texture": "#texture"},
				"west": {"uv": [0, 0, 16, 2], "rotation": 270, "texture": "#texture"},
				"up": {"uv": [2, 2, 4, 4], "texture": "#texture"},
				"down": {"uv": [2, 2, 4, 4], "rotation": 180, "texture": "#texture"}
			}
		}
	],
	"display": {
		"thirdperson_righthand": {
			"rotation": [75, 45, 0],
			"translation": [0, 2.5, 0],
			"scale": [0.375, 0.375, 0.375]
		},
		"thirdperson_lefthand": {
			"rotation": [75, 45, 0],
			"translation": [0, 2.5, 0],
			"scale": [0.375, 0.375, 0.375]
		},
		"firstperson_righthand": {
			"rotation": [0, 45, 0],
			"scale": [0.4, 0.4, 0.4]
		},
		"firstperson_lefthand": {
			"rotation": [0, 225, 0],
			"scale": [0.4, 0.4, 0.4]
		},
		"ground": {
			"translation": [0, 3, 0],
			"scale": [0.25, 0.25, 0.25]
		},
		"gui": {
			"rotation": [30, 225, 0],
			"scale": [0.625, 0.625, 0.625]
		},
		"fixed": {
			"scale": [0.5, 0.5, 0.5]
		}
	}
}