{
	"multipart":[
		{"when":{"west":false,"up":false,"south":false,"north":false,"east":false,"down":false},"apply":{"model":"block/original/mushroom_stem_true"}},
		{"when":{"west":true,"up":false,"south":true,"north":true,"east":true,"down":false},"apply":{"model":"block/original/mushroom_stem_true"}},
		{"when":{"down":true,"east":true,"north":true,"south":true,"up":true,"west":true},"apply":{"model":"block/original/mushroom_stem_true"}},
	
		{"when":{"west":true,"up":true,"south":true,"north":true,"east":false,"down":true},"apply":{"model":"craftory:block/powered/macerator/diamond_macerator"}},
		{"when":{"west":false,"up":true,"south":false,"north":true,"east":true,"down":false},"apply":{"model":"block/original/mushroom_stem_true"}},
		{"when":{"west":false,"up":true,"south":false,"north":false,"east":false,"down":false},"apply":{"model":"block/original/mushroom_stem_true"}},
		{"when":{"west":true,"up":true,"south":false,"north":false,"east":false,"down":false},"apply":{"model":"block/original/mushroom_stem_true"}},
		{"when":{"west":false,"up":true,"south":true,"north":false,"east":false,"down":false},"apply":{"model":"block/original/mushroom_stem_true"}},
		{"when":{"west":true,"up":true,"south":true,"north":false,"east":false,"down":false},"apply":{"model":"block/original/mushroom_stem_true"}},
		{"when":{"west":false,"up":true,"south":false,"north":true,"east":false,"down":false},"apply":{"model":"block/original/mushroom_stem_true"}},
		{"when":{"west":true,"up":true,"south":false,"north":true,"east":false,"down":false},"apply":{"model":"block/original/mushroom_stem_true"}},
		{"when":{"west":false,"up":true,"south":true,"north":false,"east":true,"down":false},"apply":{"model":"block/original/mushroom_stem_true"}},
		{"when":{"west":false,"up":true,"south":false,"north":false,"east":true,"down":false},"apply":{"model":"block/original/mushroom_stem_true"}},
		{"when":{"west":true,"up":false,"south":false,"north":false,"east":false,"down":false},"apply":{"model":"craftory:block/powered/grid/power_connector"}},
		{"when":{"west":false,"up":false,"south":true,"north":false,"east":false,"down":false},"apply":{"model":"craftory:block/powered/cells/emerald_cell"}},
		{"when":{"west":true,"up":false,"south":true,"north":false,"east":false,"down":false},"apply":{"model":"craftory:block/powered/foundry/iron_electric_foundry"}},
		{"when":{"west":false,"up":false,"south":false,"north":true,"east":false,"down":false},"apply":{"model":"craftory:block/powered/furnace/diamond_electric_furnace"}},
		{"when":{"west":true,"up":false,"south":false,"north":true,"east":false,"down":false},"apply":{"model":"craftory:block/powered/furnace/emerald_electric_furnace"}},
		{"when":{"west":false,"up":false,"south":true,"north":true,"east":false,"down":false},"apply":{"model":"craftory:block/ores/crystal"}},
		{"when":{"west":true,"up":false,"south":true,"north":true,"east":false,"down":false},"apply":{"model":"craftory:block/ores/copper_ore"}},
		{"when":{"west":false,"up":true,"south":true,"north":true,"east":false,"down":false},"apply":{"model":"craftory:block/powered/foundry/iron_foundry"}},
		{"when":{"west":true,"up":true,"south":true,"north":true,"east":false,"down":false},"apply":{"model":"craftory:block/powered/foundry/gold_electric_foundry"}},
		{"when":{"west":false,"up":false,"south":false,"north":false,"east":true,"down":false},"apply":{"model":"craftory:block/powered/foundry/diamond_electric_foundry"}},
		{"when":{"west":true,"up":false,"south":false,"north":false,"east":true,"down":false},"apply":{"model":"craftory:block/powered/foundry/emerald_electric_foundry"}},
		{"when":{"west":true,"up":true,"south":false,"north":false,"east":true,"down":false},"apply":{"model":"craftory:block/powered/cells/gold_cell"}},
		{"when":{"west":false,"up":false,"south":true,"north":false,"east":true,"down":false},"apply":{"model":"craftory:block/powered/cells/diamond_cell"}},
		{"when":{"west":true,"up":false,"south":true,"north":false,"east":true,"down":false},"apply":{"model":"craftory:block/powered/furnace/iron_electric_furnace"}},
		{"when":{"west":true,"up":true,"south":true,"north":false,"east":true,"down":false},"apply":{"model":"craftory:block/powered/furnace/gold_electric_furnace"}},
		{"when":{"west":false,"up":false,"south":false,"north":true,"east":true,"down":false},"apply":{"model":"craftory:block/powered/cells/iron_cell"}},
		{"when":{"west":true,"up":false,"south":false,"north":true,"east":true,"down":false},"apply":{"model":"craftory:block/powered/generator/iron_solid_fuel_generator"}},
		{"when":{"west":false,"up":true,"south":false,"north":true,"east":true,"down":false},"apply":{"model":"craftory:block/powered/turrets/gun_turret_platform"}},
		{"when":{"west":true,"up":true,"south":false,"north":true,"east":true,"down":false},"apply":{"model":"craftory:block/powered/macerator/iron_macerator"}},
		{"when":{"west":false,"up":false,"south":true,"north":true,"east":true,"down":false},"apply":{"model":"craftory:block/powered/macerator/gold_macerator"}},
		{"when":{"west":false,"up":true,"south":true,"north":true,"east":true,"down":false},"apply":{"model":"craftory:block/powered/macerator/emerald_macerator"}},
		{"when":{"west":true,"up":true,"south":true,"north":true,"east":true,"down":false},"apply":{"model":"craftory:block/powered/generator/solar/basic_solar_panel"}},
		{"when":{"west":false,"up":false,"south":false,"north":false,"east":false,"down":true},"apply":{"model":"craftory:block/powered/generator/solar/solar_panel"}},
		{"when":{"west":true,"up":false,"south":false,"north":false,"east":false,"down":true},"apply":{"model":"craftory:block/powered/generator/solar/compacted_solar_panel"}},
		{"when":{"west":false,"up":true,"south":false,"north":false,"east":false,"down":true},"apply":{"model":"craftory:block/powered/generator/solar/solar_array"}},
		{"when":{"west":true,"up":true,"south":false,"north":false,"east":false,"down":true},"apply":{"model":"craftory:block/powered/generator/geothermal_generator"}},
		{"when":{"west":false,"up":false,"south":true,"north":false,"east":false,"down":true},"apply":{"model":"craftory:block/powered/generator/rotary_generator"}},
		{"when":{"west":true,"up":false,"south":true,"north":false,"east":false,"down":true},"apply":{"model":"craftory:block/powered/magnetiser/magnetiser"}},
		{"when":{"west":false,"up":true,"south":true,"north":false,"east":false,"down":true},"apply":{"model":"craftory:block/powered/magnetiser/magnetising_table"}},
		{"when":{"west":true,"up":true,"south":true,"north":false,"east":false,"down":true},"apply":{"model":"craftory:block/powered/manipulator/block_breacker"}},
		{"when":{"west":false,"up":false,"south":false,"north":true,"east":false,"down":true},"apply":{"model":"craftory:block/powered/manipulator/block_breacker_south"}},
		{"when":{"west":true,"up":false,"south":false,"north":true,"east":false,"down":true},"apply":{"model":"craftory:block/powered/manipulator/block_breacker_west"}},
		{"when":{"west":false,"up":true,"south":false,"north":true,"east":false,"down":true},"apply":{"model":"craftory:block/powered/manipulator/block_breacker_east"}},
		{"when":{"west":true,"up":true,"south":false,"north":true,"east":false,"down":true},"apply":{"model":"craftory:block/powered/manipulator/block_placer"}},
		{"when":{"west":false,"up":false,"south":true,"north":true,"east":false,"down":true},"apply":{"model":"craftory:block/powered/manipulator/block_placer_south"}},
		{"when":{"west":true,"up":false,"south":true,"north":true,"east":false,"down":true},"apply":{"model":"craftory:block/powered/manipulator/block_placer_west"}},
		{"when":{"west":false,"up":true,"south":true,"north":true,"east":false,"down":true},"apply":{"model":"craftory:block/powered/manipulator/block_placer_east"}},
		
		{"when":{"west":false,"up":false,"south":false,"north":false,"east":true,"down":true},"apply":{"model":"block/original/mushroom_stem_true"}},
		{"when":{"west":true,"up":false,"south":false,"north":false,"east":true,"down":true},"apply":{"model":"block/original/mushroom_stem_true"}},
		{"when":{"west":false,"up":true,"south":false,"north":false,"east":true,"down":true},"apply":{"model":"block/original/mushroom_stem_true"}},
		{"when":{"west":true,"up":true,"south":false,"north":false,"east":true,"down":true},"apply":{"model":"block/original/mushroom_stem_true"}},
		{"when":{"west":false,"up":false,"south":true,"north":false,"east":true,"down":true},"apply":{"model":"block/original/mushroom_stem_true"}},
		{"when":{"west":true,"up":false,"south":true,"north":false,"east":true,"down":true},"apply":{"model":"block/original/mushroom_stem_true"}},
		{"when":{"west":false,"up":true,"south":true,"north":false,"east":true,"down":true},"apply":{"model":"block/original/mushroom_stem_true"}},
		{"when":{"west":true,"up":true,"south":true,"north":false,"east":true,"down":true},"apply":{"model":"block/original/mushroom_stem_true"}},
		{"when":{"west":false,"up":false,"south":false,"north":true,"east":true,"down":true},"apply":{"model":"block/original/mushroom_stem_true"}},
		{"when":{"west":true,"up":false,"south":false,"north":true,"east":true,"down":true},"apply":{"model":"block/original/mushroom_stem_true"}},
		{"when":{"west":false,"up":true,"south":false,"north":true,"east":true,"down":true},"apply":{"model":"block/original/mushroom_stem_true"}},
		{"when":{"west":true,"up":true,"south":false,"north":true,"east":true,"down":true},"apply":{"model":"block/original/mushroom_stem_true"}},
		{"when":{"west":false,"up":false,"south":true,"north":true,"east":true,"down":true},"apply":{"model":"block/original/mushroom_stem_true"}},
		{"when":{"west":true,"up":false,"south":true,"north":true,"east":true,"down":true},"apply":{"model":"block/original/mushroom_stem_true"}},
		{"when":{"west":false,"up":true,"south":true,"north":true,"east":true,"down":true},"apply":{"model":"block/original/mushroom_stem_true"}}
	]}