{
  "__comment": "Designed by BrettSaunders with Cubik Studio - https://cubik.studio",
  "textures": {
    "texture": "extra:item/tank/lava/bar_13_t"
  },
  "elements": [
    {
      "__comment": "Element",
      "from": [
        0,
        0,
        0
      ],
      "to": [
        16,
        0.001,
        16
      ],
      "faces": {
        "down": {
          "uv": [
            0,
            0,
            16,
            16
          ],
          "texture": "#texture"
        },
        "up": {
          "uv": [
            0,
            0,
            16,
            16
          ],
          "texture": "#texture"
        }
      }
    }
  ],
  "gui_light": "front",
  "display": {
    "gui": {
      "rotation": [
        90,
        0,
        0
      ],
      "translation": [
        -10,
        -3,
        0
      ],
      "scale": [
        3,
        3,
        3
      ]
    }
  }
}