{
	"__comment": "Designed by Dejakob with Cubik Studio - Only to be used with Magic plugin by NathanWolf",
	"parent" : "item/custom/lit",
	"textures": {
		"particle": "item/custom/air_glider",
		"texture": "item/custom/air_glider"
	},
	"elements": [
		{
			"__comment": "Cube1",
			"from": [ 8, 0, -9.5 ],
			"to": [ 8.5, 1, 6.5 ],
			"faces": {
				"down": { "uv": [ 16, 16, 15.5, 0 ], "texture": "#texture" },
				"up": { "uv": [ 16, 0, 15.5, 16 ], "texture": "#texture" },
				"north": { "uv": [ 15.5, 0.5, 15.75, 3.75 ], "texture": "#texture" },
				"south": { "uv": [ 15.75, 0.25, 16, 3.5 ], "texture": "#texture" },
				"west": { "uv": [ 15.75, 0.25, 16, 15.75 ], "texture": "#texture", "rotation": 270 },
				"east": { "uv": [ 15.5, 0.25, 15.75, 3.75 ], "texture": "#texture", "rotation": 270 }
			}
		},
		{
			"__comment": "Cube51",
			"from": [ 7.5, 0, 6.5 ],
			"to": [ 8, 1, 13 ],
			"faces": {
				"down": { "uv": [ 0.5, 4, 0, 10.5 ], "texture": "#texture" },
				"up": { "uv": [ 0.5, 4, 0, 10.5 ], "texture": "#texture" },
				"north": { "uv": [ 15.75, 0.25, 16, 3.5 ], "texture": "#texture" },
				"south": { "uv": [ 15.75, 0.25, 16, 3.5 ], "texture": "#texture" },
				"west": { "uv": [ 15.5, 0.25, 15.75, 3.5 ], "texture": "#texture" },
				"east": { "uv": [ 15.75, 0.25, 16, 3.5 ], "texture": "#texture" }
			}
		},
		{
			"__comment": "Cube51",
			"from": [ 7.5, 0, 13 ],
			"to": [ 8, 1, 24.25 ],
			"faces": {
				"down": { "uv": [ 0.5, 11.25, 0, 0 ], "texture": "#texture" },
				"up": { "uv": [ 0.5, 0, 0, 11.25 ], "texture": "#texture" },
				"north": { "uv": [ 15.75, 0.25, 16, 3.5 ], "texture": "#texture" },
				"south": { "uv": [ 15.5, 0.5, 15.75, 3.75 ], "texture": "#texture" },
				"west": { "uv": [ 15.5, 0.25, 15.75, 3.5 ], "texture": "#texture" },
				"east": { "uv": [ 15.75, 0.25, 16, 3.5 ], "texture": "#texture" }
			}
		},
		{
			"__comment": "Cube1",
			"from": [ 7.5, 0, -9.5 ],
			"to": [ 8, 1, 6.5 ],
			"faces": {
				"down": { "uv": [ 15.5, 16, 16, 0 ], "texture": "#texture" },
				"up": { "uv": [ 15.5, 0, 16, 16 ], "texture": "#texture" },
				"north": { "uv": [ 15.5, 0.5, 15.75, 3.75 ], "texture": "#texture" },
				"south": { "uv": [ 15.75, 0.25, 16, 3.5 ], "texture": "#texture" },
				"west": { "uv": [ 15.5, 0.5, 15.75, 4 ], "texture": "#texture", "rotation": 270 },
				"east": { "uv": [ 15.75, 0.25, 16, 15.75 ], "texture": "#texture", "rotation": 270 }
			}
		},
		{
			"__comment": "Cube51",
			"from": [ 8, 0, 6.5 ],
			"to": [ 8.5, 1, 13 ],
			"faces": {
				"down": { "uv": [ 0, 4, 0.5, 10.5 ], "texture": "#texture" },
				"up": { "uv": [ 0, 4, 0.5, 10.5 ], "texture": "#texture" },
				"north": { "uv": [ 15.75, 0.25, 16, 3.5 ], "texture": "#texture" },
				"south": { "uv": [ 15.75, 0.25, 16, 3.5 ], "texture": "#texture" },
				"west": { "uv": [ 15.5, 0.25, 15.75, 3.5 ], "texture": "#texture" },
				"east": { "uv": [ 15.5, 0.5, 15.75, 3.75 ], "texture": "#texture" }
			}
		},
		{
			"__comment": "Cube51",
			"from": [ 8, 0, 13 ],
			"to": [ 8.5, 1, 24.25 ],
			"faces": {
				"down": { "uv": [ 0, 11.25, 0.5, 0 ], "texture": "#texture" },
				"up": { "uv": [ 0, 0, 0.5, 11.25 ], "texture": "#texture" },
				"north": { "uv": [ 15.75, 0.25, 16, 3.5 ], "texture": "#texture" },
				"south": { "uv": [ 15.5, 0.25, 15.75, 3.5 ], "texture": "#texture" },
				"west": { "uv": [ 15.5, 0.5, 15.75, 3.75 ], "texture": "#texture" },
				"east": { "uv": [ 15.5, 0.5, 15.75, 3.75 ], "texture": "#texture" }
			}
		}
	],
	"display": {
		"thirdperson_righthand": {
			"rotation":  [ 90, 0, 90 ],
			"translation":  [ -9.5, 0, 1.2 ],
			"scale":  [ 1.3, 1.3, 1.3 ]
		},
		"thirdperson_lefthand": {
			"rotation":  [ 90, 0, 90 ],
			"translation":  [ -9.5, 0, 1.2 ],
			"scale":  [ 1.3, 1.3, 1.3 ]
		},
		"firstperson_righthand": {
			"rotation": [ 90, 0, 0 ],
			"translation": [ 10, 0, 0 ],
			"scale": [ 1.3, 1.3, 1.3 ]
		},
		"firstperson_lefthand": {
			"rotation": [ 90, 0, 0 ],
			"translation": [ 10, 0, 0 ],
			"scale": [ 1.3, 1.3, 1.3 ]
		},
		"gui": {
			"rotation": [ 45, 45, 0 ],
			"translation": [ 0, 2, 0 ],
			"scale": [ 0.6, 0.6, 0.6 ]
		},
		"head": {
			"rotation":  [ 9, 0, 0 ],
			"translation":  [ 16.011, 46.607, 13.913 ],
			"scale":  [ 3, 3, 3 ]
		},
		"ground": {
			"rotation":  [ 45, 0, 45 ],
			"translation":  [ 0, 4.8682, 0 ]
		},
		"fixed": {
			"rotation":  [ 90, 0, 0 ],
			"translation":  [ -25.03, -8.346, 21.564 ],
			"scale":  [ 3, 3, 3 ]
		}
	}
}