{
    "parent": "item/handheld",
    "textures": {
        "layer0": "item/bone"
    },
    "display": {
        "head": {
            "rotation": [ 0, 0, -45 ],
            "translation": [ 0, -4.5, -6.5],
            "scale":[ 1, 1, 1 ]
        }
    },

  "overrides": [
    {"predicate": { "custom_model_data": 18001}, "model": "item/spells/superkill"},
    {"predicate": { "custom_model_data": 18002}, "model": "item/spells_disabled/superkill"},
    {"predicate": { "custom_model_data": 18003}, "model": "item/spells/kill"},
    {"predicate": { "custom_model_data": 18004}, "model": "item/spells_disabled/kill"}
  ]
}
