{
	"credit": "By BrettSaunders for the Craftory Plugin",
	"textures": {
		"0": "craftory:item/turrets/gun_turret_neutral",
		"particle": "craftory:item/turrets/gun_turret_neutral"
	},
	"elements": [
		{
			"from": [5, 0, 5],
			"to": [11, 2, 11],
			"rotation": {"angle": 0, "axis": "y", "origin": [14, 8, 14]},
			"faces": {
				"north": {"uv": [6.688, 3.563, 8.188, 4.313], "texture": "#0"},
				"east": {"uv": [11.188, 3.563, 12.688, 4.313], "texture": "#0"},
				"south": {"uv": [8.188, 3.563, 9.688, 4.313], "texture": "#0"},
				"west": {"uv": [9.688, 3.563, 11.188, 4.313], "texture": "#0"}
			}
		},
		{
			"from": [3, 2, 3],
			"to": [13, 6, 13],
			"rotation": {"angle": 0, "axis": "y", "origin": [13, 10, 16]},
			"faces": {
				"north": {"uv": [2.063, 11.438, 4.563, 12.438], "texture": "#0"},
				"east": {"uv": [2.063, 11.438, 4.563, 12.438], "texture": "#0"},
				"south": {"uv": [2.063, 11.438, 4.563, 12.438], "texture": "#0"},
				"west": {"uv": [2.063, 11.438, 4.563, 12.438], "texture": "#0"},
				"up": {"uv": [2.063, 8.938, 4.562, 11.438], "texture": "#0"},
				"down": {"uv": [2.063, 8.938, 4.562, 11.438], "texture": "#0"}
			}
		},
		{
			"from": [3, 6, 3],
			"to": [4, 11, 4],
			"rotation": {"angle": 0, "axis": "y", "origin": [11, 14, 11]},
			"faces": {
				"north": {"uv": [11.688, 8.688, 11.938, 10.689], "texture": "#0"},
				"east": {"uv": [9.938, 10.688, 9.688, 12.688], "texture": "#0"},
				"south": {"uv": [11.688, 8.688, 11.938, 10.689], "texture": "#0"},
				"west": {"uv": [9.688, 10.688, 9.938, 12.688], "texture": "#0"},
				"up": {"uv": [11.688, 8.688, 11.938, 10.689], "texture": "#0"},
				"down": {"uv": [11.688, 8.688, 11.938, 10.689], "texture": "#0"}
			}
		},
		{
			"from": [12, 6, 3],
			"to": [13, 11, 4],
			"rotation": {"angle": 0, "axis": "y", "origin": [20, 14, 11]},
			"faces": {
				"north": {"uv": [11.688, 8.688, 11.938, 10.689], "texture": "#0"},
				"east": {"uv": [9.938, 10.688, 9.688, 12.688], "texture": "#0"},
				"south": {"uv": [11.688, 8.688, 11.938, 10.689], "texture": "#0"},
				"west": {"uv": [9.688, 10.688, 9.938, 12.688], "texture": "#0"},
				"up": {"uv": [11.688, 8.688, 11.938, 10.689], "texture": "#0"},
				"down": {"uv": [11.688, 8.688, 11.938, 10.689], "texture": "#0"}
			}
		},
		{
			"from": [3, 6, 4],
			"to": [4, 12, 5],
			"rotation": {"angle": 0, "axis": "y", "origin": [11, 14, 12]},
			"faces": {
				"north": {"uv": [11.688, 8.688, 11.938, 10.689], "texture": "#0"},
				"east": {"uv": [12.188, 10.688, 11.938, 12.688], "texture": "#0"},
				"south": {"uv": [11.688, 8.688, 11.938, 10.689], "texture": "#0"},
				"west": {"uv": [11.938, 10.688, 12.188, 12.688], "texture": "#0"},
				"up": {"uv": [11.688, 8.688, 11.938, 10.689], "texture": "#0"},
				"down": {"uv": [11.688, 8.688, 11.938, 10.689], "texture": "#0"}
			}
		},
		{
			"from": [12, 6, 4],
			"to": [13, 12, 5],
			"rotation": {"angle": 0, "axis": "y", "origin": [20, 14, 12]},
			"faces": {
				"north": {"uv": [11.688, 8.688, 11.938, 10.689], "texture": "#0"},
				"east": {"uv": [12.188, 10.688, 11.938, 12.688], "texture": "#0"},
				"south": {"uv": [11.688, 8.688, 11.938, 10.689], "texture": "#0"},
				"west": {"uv": [11.938, 10.688, 12.188, 12.688], "texture": "#0"},
				"up": {"uv": [11.688, 8.688, 11.938, 10.689], "texture": "#0"},
				"down": {"uv": [11.688, 8.688, 11.938, 10.689], "texture": "#0"}
			}
		},
		{
			"from": [3, 6, 5],
			"to": [4, 13, 13],
			"rotation": {"angle": 0, "axis": "y", "origin": [11, 14, 13]},
			"faces": {
				"north": {"uv": [11.688, 8.688, 11.938, 10.689], "texture": "#0"},
				"east": {"uv": [13.938, 10.688, 11.938, 12.688], "texture": "#0"},
				"south": {"uv": [11.688, 8.688, 11.938, 10.689], "texture": "#0"},
				"west": {"uv": [11.938, 10.688, 13.938, 12.688], "texture": "#0"},
				"up": {"uv": [11.688, 8.688, 11.938, 10.689], "texture": "#0"},
				"down": {"uv": [11.688, 8.688, 11.938, 10.689], "texture": "#0"}
			}
		},
		{
			"from": [12, 6, 5],
			"to": [13, 13, 13],
			"rotation": {"angle": 0, "axis": "y", "origin": [20, 14, 13]},
			"faces": {
				"north": {"uv": [11.688, 8.688, 11.938, 10.689], "texture": "#0"},
				"east": {"uv": [13.938, 10.688, 11.938, 12.688], "texture": "#0"},
				"south": {"uv": [11.688, 8.688, 11.938, 10.689], "texture": "#0"},
				"west": {"uv": [11.938, 10.688, 13.938, 12.688], "texture": "#0"},
				"up": {"uv": [11.688, 8.688, 11.938, 10.689], "texture": "#0"},
				"down": {"uv": [11.688, 8.688, 11.938, 10.689], "texture": "#0"}
			}
		},
		{
			"from": [4, 1, 2.25],
			"to": [12, 5, 3],
			"rotation": {"angle": 0, "axis": "y", "origin": [15, 11, 10]},
			"faces": {
				"north": {"uv": [2.5, 8.188, 3.75, 8.938], "texture": "#0"},
				"east": {"uv": [11.063, 12.875, 11.313, 14.625], "texture": "#0"},
				"south": {"uv": [3.75, 8.188, 5, 8.938], "texture": "#0"},
				"west": {"uv": [11.063, 12.875, 11.313, 14.625], "texture": "#0"},
				"up": {"uv": [11.063, 12.875, 11.313, 14.625], "rotation": 90, "texture": "#0"},
				"down": {"uv": [11.063, 12.875, 11.313, 14.625], "rotation": 270, "texture": "#0"}
			}
		},
		{
			"from": [13, 2, 6],
			"to": [13.5, 6, 12],
			"rotation": {"angle": 0, "axis": "y", "origin": [21, 13, 19]},
			"faces": {
				"north": {"uv": [11.063, 12.876, 11.313, 14.626], "texture": "#0"},
				"east": {"uv": [2.5, 8.188, 3.75, 8.938], "texture": "#0"},
				"south": {"uv": [11.063, 12.876, 11.313, 14.626], "texture": "#0"},
				"west": {"uv": [2.5, 8.188, 3.75, 8.938], "texture": "#0"},
				"up": {"uv": [11.063, 12.876, 11.313, 14.626], "texture": "#0"},
				"down": {"uv": [11.063, 12.876, 11.313, 14.626], "texture": "#0"}
			}
		},
		{
			"from": [1, 3, 5],
			"to": [3, 7, 12],
			"rotation": {"angle": 0, "axis": "y", "origin": [10, 11, 19]},
			"faces": {
				"north": {"uv": [7.063, 7.25, 7.813, 8.439], "texture": "#0"},
				"east": {"uv": [5.313, 7.25, 7.063, 8.501], "texture": "#0"},
				"south": {"uv": [9.563, 7.25, 10.313, 8.439], "texture": "#0"},
				"west": {"uv": [7.813, 7.25, 9.563, 8.501], "texture": "#0"},
				"up": {"uv": [7.75, 5.188, 8.5, 7.002], "texture": "#0"},
				"down": {"uv": [8.5, 5.188, 9.25, 7.002], "texture": "#0"}
			}
		}
	],
	"display": {
		"head": {
			"translation": [0, 16, 0],
			"scale": [2, 2, 2]
		}
	}
}