{
	"credit": "By BrettSaunders for the Craftory Plugin",
	"textures": {
		"0": "craftory:item/turrets/gun_turret_neutral",
		"particle": "craftory:item/turrets/gun_turret_neutral"
	},
	"elements": [
		{
			"from": [5, 0, 5],
			"to": [11, 2, 11],
			"rotation": {"angle": 0, "axis": "y", "origin": [14, 8, 14]},
			"faces": {
				"north": {"uv": [6.688, 3.563, 8.188, 4.313], "texture": "#0"},
				"east": {"uv": [11.188, 3.563, 12.688, 4.313], "texture": "#0"},
				"south": {"uv": [8.188, 3.563, 9.688, 4.313], "texture": "#0"},
				"west": {"uv": [9.688, 3.563, 11.188, 4.313], "texture": "#0"}
			}
		},
		{
			"from": [3, 2, 3],
			"to": [13, 6, 13],
			"rotation": {"angle": 0, "axis": "y", "origin": [13, 10, 16]},
			"faces": {
				"north": {"uv": [2.063, 11.438, 4.563, 12.438], "texture": "#0"},
				"east": {"uv": [2.063, 11.438, 4.563, 12.438], "texture": "#0"},
				"south": {"uv": [2.063, 11.438, 4.563, 12.438], "texture": "#0"},
				"west": {"uv": [2.063, 11.438, 4.563, 12.438], "texture": "#0"},
				"up": {"uv": [2.063, 8.938, 4.562, 11.438], "texture": "#0"},
				"down": {"uv": [2.063, 8.938, 4.562, 11.438], "texture": "#0"}
			}
		},
		{
			"from": [3, 6, 3],
			"to": [4, 11, 4],
			"rotation": {"angle": 0, "axis": "y", "origin": [11, 14, 11]},
			"faces": {
				"north": {"uv": [11.688, 8.688, 11.938, 10.689], "texture": "#0"},
				"east": {"uv": [9.938, 10.688, 9.688, 12.688], "texture": "#0"},
				"south": {"uv": [11.688, 8.688, 11.938, 10.689], "texture": "#0"},
				"west": {"uv": [9.688, 10.688, 9.938, 12.688], "texture": "#0"},
				"up": {"uv": [11.688, 8.688, 11.938, 10.689], "texture": "#0"},
				"down": {"uv": [11.688, 8.688, 11.938, 10.689], "texture": "#0"}
			}
		},
		{
			"from": [12, 6, 3],
			"to": [13, 11, 4],
			"rotation": {"angle": 0, "axis": "y", "origin": [20, 14, 11]},
			"faces": {
				"north": {"uv": [11.688, 8.688, 11.938, 10.689], "texture": "#0"},
				"east": {"uv": [9.938, 10.688, 9.688, 12.688], "texture": "#0"},
				"south": {"uv": [11.688, 8.688, 11.938, 10.689], "texture": "#0"},
				"west": {"uv": [9.688, 10.688, 9.938, 12.688], "texture": "#0"},
				"up": {"uv": [11.688, 8.688, 11.938, 10.689], "texture": "#0"},
				"down": {"uv": [11.688, 8.688, 11.938, 10.689], "texture": "#0"}
			}
		},
		{
			"from": [3, 6, 4],
			"to": [4, 12, 5],
			"rotation": {"angle": 0, "axis": "y", "origin": [11, 14, 12]},
			"faces": {
				"north": {"uv": [11.688, 8.688, 11.938, 10.689], "texture": "#0"},
				"east": {"uv": [12.188, 10.688, 11.938, 12.688], "texture": "#0"},
				"south": {"uv": [11.688, 8.688, 11.938, 10.689], "texture": "#0"},
				"west": {"uv": [11.938, 10.688, 12.188, 12.688], "texture": "#0"},
				"up": {"uv": [11.688, 8.688, 11.938, 10.689], "texture": "#0"},
				"down": {"uv": [11.688, 8.688, 11.938, 10.689], "texture": "#0"}
			}
		},
		{
			"from": [12, 6, 4],
			"to": [13, 12, 5],
			"rotation": {"angle": 0, "axis": "y", "origin": [20, 14, 12]},
			"faces": {
				"north": {"uv": [11.688, 8.688, 11.938, 10.689], "texture": "#0"},
				"east": {"uv": [12.188, 10.688, 11.938, 12.688], "texture": "#0"},
				"south": {"uv": [11.688, 8.688, 11.938, 10.689], "texture": "#0"},
				"west": {"uv": [11.938, 10.688, 12.188, 12.688], "texture": "#0"},
				"up": {"uv": [11.688, 8.688, 11.938, 10.689], "texture": "#0"},
				"down": {"uv": [11.688, 8.688, 11.938, 10.689], "texture": "#0"}
			}
		},
		{
			"from": [3, 6, 5],
			"to": [4, 13, 13],
			"rotation": {"angle": 0, "axis": "y", "origin": [11, 14, 13]},
			"faces": {
				"north": {"uv": [11.688, 8.688, 11.938, 10.689], "texture": "#0"},
				"east": {"uv": [13.938, 10.688, 11.938, 12.688], "texture": "#0"},
				"south": {"uv": [11.688, 8.688, 11.938, 10.689], "texture": "#0"},
				"west": {"uv": [11.938, 10.688, 13.938, 12.688], "texture": "#0"},
				"up": {"uv": [11.688, 8.688, 11.938, 10.689], "texture": "#0"},
				"down": {"uv": [11.688, 8.688, 11.938, 10.689], "texture": "#0"}
			}
		},
		{
			"from": [12, 6, 5],
			"to": [13, 13, 13],
			"rotation": {"angle": 0, "axis": "y", "origin": [20, 14, 13]},
			"faces": {
				"north": {"uv": [11.688, 8.688, 11.938, 10.689], "texture": "#0"},
				"east": {"uv": [13.938, 10.688, 11.938, 12.688], "texture": "#0"},
				"south": {"uv": [11.688, 8.688, 11.938, 10.689], "texture": "#0"},
				"west": {"uv": [11.938, 10.688, 13.938, 12.688], "texture": "#0"},
				"up": {"uv": [11.688, 8.688, 11.938, 10.689], "texture": "#0"},
				"down": {"uv": [11.688, 8.688, 11.938, 10.689], "texture": "#0"}
			}
		},
		{
			"from": [4.5, 7.5, 7],
			"to": [11.5, 12.5, 15],
			"rotation": {"angle": 0, "axis": "y", "origin": [18, 19, 22]},
			"faces": {
				"north": {"uv": [2.25, 2.188, 4, 3.438], "texture": "#0"},
				"east": {"uv": [4, 2.188, 6.251, 3.438], "texture": "#0"},
				"south": {"uv": [6.25, 2.188, 8, 3.438], "texture": "#0"},
				"west": {"uv": [0, 2.188, 2.251, 3.438], "texture": "#0"},
				"up": {"uv": [2.25, 0, 4, 2.188], "texture": "#0"},
				"down": {"uv": [4, 0, 5.75, 2.188], "texture": "#0"}
			}
		},
		{
			"from": [5.5, 12, 13],
			"to": [6.5, 16, 14],
			"rotation": {"angle": 0, "axis": "y", "origin": [13, 20, 21]},
			"faces": {
				"north": {"uv": [0.688, 9.625, 0.938, 11.125], "texture": "#0"},
				"east": {"uv": [1.188, 9.625, 1.438, 11.125], "texture": "#0"},
				"south": {"uv": [0.438, 9.625, 0.688, 11.125], "texture": "#0"},
				"west": {"uv": [0.938, 9.625, 1.188, 11.125], "texture": "#0"},
				"up": {"uv": [0.688, 9.375, 0.938, 9.625], "texture": "#0"},
				"down": {"uv": [0.938, 9.375, 1.188, 9.625], "texture": "#0"}
			}
		},
		{
			"from": [2.5, 9, 8.5],
			"to": [13.5, 11.5, 11],
			"rotation": {"angle": 0, "axis": "y", "origin": [10, 16, 15]},
			"faces": {
				"north": {"uv": [0.75, 6.188, 3.75, 6.938], "texture": "#0"},
				"east": {"uv": [0, 6.188, 0.75, 6.938], "texture": "#0"},
				"south": {"uv": [0.75, 6.188, 3.75, 6.938], "texture": "#0"},
				"west": {"uv": [0, 6.188, 0.75, 6.938], "texture": "#0"},
				"up": {"uv": [0.75, 6.188, 3.75, 6.938], "texture": "#0"},
				"down": {"uv": [0.75, 6.188, 3.75, 6.938], "texture": "#0"}
			}
		},
		{
			"from": [13.5, 8.5, 7.5],
			"to": [16.5, 12, 11.5],
			"rotation": {"angle": 0, "axis": "y", "origin": [22, 19, 18]},
			"faces": {
				"north": {"uv": [0, 4.438, 1, 5.438], "texture": "#0"},
				"east": {"uv": [3, 4.438, 4, 5.438], "texture": "#0"},
				"south": {"uv": [1, 4.438, 2, 5.438], "texture": "#0"},
				"west": {"uv": [2, 4.438, 3, 5.438], "texture": "#0"},
				"up": {"uv": [1, 3.438, 2, 4.438], "texture": "#0"},
				"down": {"uv": [2, 3.438, 3, 4.438], "texture": "#0"}
			}
		},
		{
			"from": [14, 9.5, 7],
			"to": [16, 11, 7.5],
			"rotation": {"angle": 0, "axis": "y", "origin": [22, 19, 13]},
			"faces": {
				"north": {"uv": [6.313, 1, 7.063, 1.5], "texture": "#0"},
				"east": {"uv": [7.063, 1, 7.313, 1.5], "texture": "#0"},
				"south": {"uv": [7.313, 1, 8.063, 1.5], "texture": "#0"},
				"west": {"uv": [6.063, 1, 6.313, 1.5], "texture": "#0"},
				"up": {"uv": [6.313, 0.75, 7.063, 1], "texture": "#0"},
				"down": {"uv": [7.063, 0.75, 7.813, 1], "texture": "#0"}
			}
		},
		{
			"from": [14, 8, 7.5],
			"to": [16, 8.5, 11.5],
			"rotation": {"angle": 0, "axis": "y", "origin": [22, 15, 18]},
			"faces": {
				"north": {"uv": [5, 4.438, 5.75, 4.688], "texture": "#0"},
				"east": {"uv": [5.75, 4.438, 6.75, 4.688], "texture": "#0"},
				"south": {"uv": [6.75, 4.438, 7.5, 4.688], "texture": "#0"},
				"west": {"uv": [4, 4.438, 5, 4.688], "texture": "#0"},
				"up": {"uv": [5, 3.438, 5.75, 4.438], "texture": "#0"},
				"down": {"uv": [5.75, 3.438, 6.5, 4.438], "texture": "#0"}
			}
		},
		{
			"from": [5.5, 8.5, 2],
			"to": [10.5, 11.5, 7],
			"rotation": {"angle": 0, "axis": "y", "origin": [17, 18, 14]},
			"faces": {
				"north": {"uv": [1.25, 8.188, 2.5, 8.938], "texture": "#0"},
				"east": {"uv": [3.75, 8.188, 5, 8.938], "texture": "#0"},
				"south": {"uv": [1.25, 8.188, 2.5, 8.938], "texture": "#0"},
				"west": {"uv": [2.5, 8.188, 3.75, 8.938], "texture": "#0"},
				"up": {"uv": [1.25, 6.938, 2.5, 8.188], "texture": "#0"},
				"down": {"uv": [2.5, 6.938, 3.75, 8.188], "texture": "#0"}
			}
		},
		{
			"from": [6, 11.5, 2],
			"to": [10, 12, 7],
			"rotation": {"angle": 0, "axis": "y", "origin": [17, 19, 14]},
			"faces": {
				"north": {"uv": [0, 8.188, 1.25, 8.376], "texture": "#0"},
				"east": {"uv": [2.5, 8.188, 3.75, 8.376], "texture": "#0"},
				"south": {"uv": [0, 8.188, 1.25, 8.376], "texture": "#0"},
				"west": {"uv": [2.5, 8.188, 3.75, 8.376], "texture": "#0"},
				"up": {"uv": [1.25, 6.939, 2.5, 8.188], "texture": "#0"},
				"down": {"uv": [1.25, 6.939, 2.5, 8.188], "texture": "#0"}
			}
		},
		{
			"from": [6, 8, 2],
			"to": [10, 8.5, 7],
			"rotation": {"angle": 0, "axis": "y", "origin": [17, 15, 14]},
			"faces": {
				"north": {"uv": [0, 8.376, 1.25, 8.188], "texture": "#0"},
				"east": {"uv": [2.5, 8.376, 3.75, 8.188], "texture": "#0"},
				"south": {"uv": [0, 8.376, 1.25, 8.188], "texture": "#0"},
				"west": {"uv": [2.5, 8.376, 3.75, 8.188], "texture": "#0"},
				"up": {"uv": [1.25, 8.188, 2.5, 6.939], "texture": "#0"},
				"down": {"uv": [1.25, 8.188, 2.5, 6.939], "texture": "#0"}
			}
		},
		{
			"from": [7, 9, -5],
			"to": [9, 11, 2],
			"rotation": {"angle": 0, "axis": "y", "origin": [16, 18, 9]},
			"faces": {
				"north": {"uv": [11.625, 6.5, 12.125, 7], "texture": "#0"},
				"east": {"uv": [12.125, 6.5, 14.125, 7], "texture": "#0"},
				"south": {"uv": [14.125, 6.5, 14.625, 7], "texture": "#0"},
				"west": {"uv": [9.625, 6.5, 11.625, 7], "texture": "#0"},
				"up": {"uv": [11.625, 4.5, 12.126, 6.501], "texture": "#0"},
				"down": {"uv": [12.125, 4.5, 12.626, 6.501], "texture": "#0"}
			}
		},
		{
			"from": [6.5, 8.5, -6.5],
			"to": [9.5, 11.5, -5],
			"rotation": {"angle": 0, "axis": "y", "origin": [16, 18, 2]},
			"faces": {
				"north": {"uv": [11.188, 7.813, 11.938, 8.563], "texture": "#0"},
				"east": {"uv": [11.938, 7.813, 12.438, 8.563], "texture": "#0"},
				"south": {"uv": [10.688, 7.813, 11.188, 8.563], "texture": "#0"},
				"west": {"uv": [12.438, 7.813, 13.188, 8.563], "texture": "#0"},
				"up": {"uv": [11.188, 7.313, 11.938, 7.813], "texture": "#0"},
				"down": {"uv": [11.938, 7.313, 12.688, 7.813], "texture": "#0"}
			}
		},
		{
			"from": [4, 1, 2.25],
			"to": [12, 5, 3],
			"rotation": {"angle": 0, "axis": "y", "origin": [15, 11, 10]},
			"faces": {
				"north": {"uv": [2.5, 8.188, 3.75, 8.938], "texture": "#0"},
				"east": {"uv": [11.063, 12.875, 11.313, 14.625], "texture": "#0"},
				"south": {"uv": [3.75, 8.188, 5, 8.938], "texture": "#0"},
				"west": {"uv": [11.063, 12.875, 11.313, 14.625], "texture": "#0"},
				"up": {"uv": [11.063, 12.875, 11.313, 14.625], "rotation": 90, "texture": "#0"},
				"down": {"uv": [11.063, 12.875, 11.313, 14.625], "rotation": 270, "texture": "#0"}
			}
		},
		{
			"from": [13, 2, 6],
			"to": [13.5, 6, 12],
			"rotation": {"angle": 0, "axis": "y", "origin": [21, 13, 19]},
			"faces": {
				"north": {"uv": [11.063, 12.876, 11.313, 14.626], "texture": "#0"},
				"east": {"uv": [2.5, 8.188, 3.75, 8.938], "texture": "#0"},
				"south": {"uv": [11.063, 12.876, 11.313, 14.626], "texture": "#0"},
				"west": {"uv": [2.5, 8.188, 3.75, 8.938], "texture": "#0"},
				"up": {"uv": [11.063, 12.876, 11.313, 14.626], "texture": "#0"},
				"down": {"uv": [11.063, 12.876, 11.313, 14.626], "texture": "#0"}
			}
		},
		{
			"from": [1, 3, 5],
			"to": [3, 7, 12],
			"rotation": {"angle": 0, "axis": "y", "origin": [10, 11, 19]},
			"faces": {
				"north": {"uv": [7.063, 7.25, 7.813, 8.439], "texture": "#0"},
				"east": {"uv": [5.313, 7.25, 7.063, 8.501], "texture": "#0"},
				"south": {"uv": [9.563, 7.25, 10.313, 8.439], "texture": "#0"},
				"west": {"uv": [7.813, 7.25, 9.563, 8.501], "texture": "#0"},
				"up": {"uv": [7.75, 5.188, 8.5, 7.002], "texture": "#0"},
				"down": {"uv": [8.5, 5.188, 9.25, 7.002], "texture": "#0"}
			}
		}
	],
	"display": {
		"head": {
			"translation": [0, 16, 0],
			"scale": [2, 2, 2]
		}
	}
}