{
	"credit": "By BrettSaunders for the Craftory Plugin",
	"parent": "minecraft:item/generated",
	"textures": {
		"particle": "craftory:item/configurator",
		"layer0": "craftory:item/configurator"
	},
	"gui_light": "front",
	"display": {
		"thirdperson_righthand": {
			"rotation": [0, 90, 55],
			"translation": [0, 2.75, 1.75],
			"scale": [0.6, 0.6, 0.8]
		},
		"thirdperson_lefthand": {
			"rotation": [0, 90, 55],
			"translation": [0, 2.75, 1.75],
			"scale": [0.6, 0.6, 0.8]
		},
		"firstperson_righthand": {
			"rotation": [-23, 90, 25],
			"translation": [0.25, 2.75, 0.8],
			"scale": [0.68, 0.68, 0.68]
		},
		"firstperson_lefthand": {
			"rotation": [-23, 90, 25],
			"translation": [0.25, 2.75, -0.25],
			"scale": [0.68, 0.68, 0.68]
		},
		"ground": {
			"translation": [0, 2, 0],
			"scale": [0.5, 0.5, 0.5]
		},
		"gui": {
			"translation": [-0.25, -0.75, 0]
		},
		"head": {
			"rotation": [0, 180, 0],
			"translation": [0, 13, 7]
		},
		"fixed": {
			"rotation": [0, 180, 0],
			"translation": [0, 0, -0.25]
		}
	}
}